[{"_id":"538c30d553f350b26c994aef","pid":82573,"name":"A","jobid":"12","budget":"12","color":13,"colorcode":"#337EBD","alias":[],"visible":true,"edit":true,"uid":"5344d0bf9995087e20649f21","projectid":82573,"userid":"7364"},{"_id":"538c30f2999508077694aaf1","pid":82574,"name":"B","jobid":"12","budget":"12","color":5,"colorcode":"#C02006","alias":[],"visible":true,"edit":true,"uid":"5344d0bf9995087e20649f21","projectid":82574,"userid":"7364"},{"_id":"538c30ff999508ac7794aa6e","pid":82575,"name":"C","jobid":"12","budget":"12","color":1,"colorcode":"#FFF772","alias":[],"visible":true,"edit":true,"uid":"5344d0bf9995087e20649f21","projectid":82575,"userid":"7364"},{"_id":"538c313d53f350ac6b994b94","pid":82577,"name":"D","jobid":"12","budget":"12","color":20,"colorcode":"#1F6F1F","alias":[],"visible":true,"edit":false,"uid":"5344d0bf9995087e20649f21","projectid":82577,"userid":"7364"}]